id;profile_id;phone_number;gender;date_of_birth;address;photo;photo_content_type;bvn;valid_id
1;connecting Romania;Manager;FEMALE;2020-10-13;mobile;../fake-data/blob/hipster.png;image/png;SCSI Credit Card Account Fresh;intangible transition THX
2;networks;hacking teal Communications;FEMALE;2020-10-13;maximized bluetooth;../fake-data/blob/hipster.png;image/png;Tonga transmit;parse copying
3;scalable Generic copy;Dynamic;MALE;2020-10-13;superstructure deposit Bacon;../fake-data/blob/hipster.png;image/png;deposit;redundant magnetic Plastic
4;Future-proofed synthesizing Maryland;Trinidad and Tobago;FEMALE;2020-10-12;cross-platform application;../fake-data/blob/hipster.png;image/png;array customized;user-centric Awesome
5;bricks-and-clicks invoice El Salvador;Practical Cotton Table Soap;MALE;2020-10-13;array Intelligent;../fake-data/blob/hipster.png;image/png;Computer bi-directional cultivate;AI Kuwait
6;Investment Account feed EXE;Health Steel New Mexico;FEMALE;2020-10-13;Mississippi Applications Bike;../fake-data/blob/hipster.png;image/png;Handmade Plastic Chicken Michigan;Manager
7;contextually-based;Yemeni Rial JSON;MALE;2020-10-13;multi-byte transmit Soap;../fake-data/blob/hipster.png;image/png;HDD Intranet Specialist;payment
8;iterate incubate Home;Cambridgeshire Kids cross-platform;FEMALE;2020-10-12;Rustic Washington indexing;../fake-data/blob/hipster.png;image/png;web-enabled Producer;green
9;Tasty Wooden Towels solid state Point;Licensed Re-contextualized;FEMALE;2020-10-13;Lead Open-architected interface;../fake-data/blob/hipster.png;image/png;mobile;indexing
10;Slovenia Legacy;Wisconsin collaboration payment;FEMALE;2020-10-12;bypassing harness parsing;../fake-data/blob/hipster.png;image/png;Investment Account sensor panel;Multi-lateral flexibility
